NUMEMP;TIPCOL;NUMCAD;DATAFA;HORAFA;DATTER;HORTER;PRVTER;SITAFA;CAUDEM;DIAJUS;OBSAFA;CODDOE;NOMATE;ORGCLA;REGCON;ESTCON;MOTRAI
1;1;245;20/02/2020;0;05/03/2020;0;;14;;;SGO - REQUISICAO N.: 202003023800002;;;;;;40
1;1;265;10/06/2015;0;25/09/2018;0;;3;;;CHAMADO 201809023800096;;;;;;30
1;1;265;22/09/2014;0;20/04/2015;0;;3;;;;;;;;;30
1;1;265;28/11/2018;0;22/01/2019;0;;3;;;CHAMADO 201812023800083/CHAMADO 201901023800175;;;;;;30
1;1;268;01/05/2017;0;30/10/2019;0;;3;;;SGO - REQUISICAO N.: 201705023800160;;;;;;30
1;1;268;22/10/2015;0;19/04/2017;0;;3;;;;;;;;;30
1;1;268;26/06/2015;0;21/10/2015;0;;3;;;;;;;;;30
1;1;268;31/10/2019;0;01/01/9999;0;;22;;;;;;;;;0
1;1;269;02/09/2013;0;30/01/2014;0;;3;;;;;;;;;30
1;1;278;17/03/2019;0;01/04/2019;0;;14;;;SGO - REQUISICAO N.: 201903023800129;;;;;;40
1;1;280;13/05/2019;0;18/05/2019;0;;14;;;SGO - REQUISICAO N.: 201905023800139;;;;;;40
1;1;284;03/02/2022;0;06/02/2022;0;;14;;;SGO - REQUISICAO N.: 202202023800271;;;;;;40
1;1;284;08/02/2022;0;12/02/2022;0;;14;;;;;;;;;40
1;1;284;13/02/2022;0;22/02/2022;0;;14;;;;;;;;;40
1;1;284;25/03/2021;0;29/03/2021;0;;14;;;SGO - REQUISICAO N.: 202103023800162;;;;;;40
1;1;288;14/07/2022;0;17/07/2022;0;;14;;;SGO - REQUISICAO N.: 202207023800196;;;;;;40
1;1;288;17/07/2022;0;20/07/2022;0;;14;;;SGO - REQUISICAO N.: 202207023800197;;;;;;40
1;1;295;02/01/2015;0;04/02/2015;0;;3;;;;;;;;;30
1;1;297;04/09/2019;0;02/01/2020;0;;6;;;SGO - REQUISICAO N.: 201909023800020;;;;;;50
1;1;297;18/08/2019;0;21/08/2019;0;;14;;;SGO - REQUISICAO N.: 201908023800158;;;;;;40
1;1;297;21/08/2019;0;03/09/2019;0;;14;;;SGO - REQUISICAO N.: 201908023800159;;;;;;40
1;1;297;22/07/2019;0;29/07/2019;0;;14;;;SGO - REQUISICAO N.: 201907023800192;;;;;;40
1;1;299;17/06/2022;0;23/06/2022;0;;14;;;SGO - REQUISICAO N.: 202206023800139;;;;;;40
1;1;318;01/06/2024;0;16/06/2024;0;;14;;;TICKET 386885 / ALTERADO TICKET 391793|;;;;;;40
1;1;318;02/05/2024;0;01/06/2024;0;;3;;;TICKET: 378987|;;;;;;30
1;1;318;13/07/2022;0;16/07/2022;0;;14;;;SGO - REQUISICAO N.: 202207023800194;;;;;;40
1;1;318;15/03/2021;0;24/04/2021;0;;3;;;SGO - REQUISICAO N.: 202103023800154 - CHAMADO DE PRORROGAÇÃO 202104023800120;;;;;;30
1;1;318;16/06/2024;0;16/07/2024;0;;3;;;TICKET 395894.|;;;;;;30
1;1;318;26/12/2020;0;09/01/2021;0;;14;;;CONFORME EMAIL EM TER., 29 DE DEZ. DE 2020 ÀS 09:34, MAYRA CURY;;;;;;40
1;1;321;22/01/2025;0;25/01/2025;0;;14;;;|;;;;;;40
1;1;321;22/02/2017;0;18/04/2017;0;;3;;;SGO - REQUISICAO N.: 201703023800043;;;;;;30
1;1;340;06/03/2017;0;12/05/2017;0;;3;;;SGO - REQUISICAO N.: 201703023800145;;;;;;30
1;1;340;22/02/2016;0;11/04/2016;0;;3;;;;;;;;;30
1;1;366;01/12/2023;0;07/12/2023;0;;14;;;SGO - REQUISICAO N.: 202312023800015|;;;;;;40
1;1;366;15/05/2019;0;18/05/2019;0;;14;;;SGO - REQUISICAO N.: 201905023800138;;;;;;40
1;1;366;18/12/2024;0;21/12/2024;0;;14;;;TICKET 486113|;;;;;;40
1;1;366;25/07/2024;0;03/08/2024;0;;14;;;TICKET 416040|;;;;;;40
1;1;366;28/12/2021;0;01/01/2022;0;;14;;;;;;;;;40
1;1;376;01/07/2019;0;04/07/2019;0;;14;;;SGO - REQUISICAO N.: 201907023800038;;;;;;40
1;1;376;05/08/2019;0;12/08/2019;0;;14;;;SGO - REQUISICAO N.: 201908023800044;;;;;;40
1;1;376;14/05/2019;0;17/05/2019;0;;14;;;SGO - REQUISICAO N.: 201905023800136;;;;;;40
1;1;376;20/05/2019;0;27/05/2019;0;;14;;;SGO - REQUISICAO N.: 201905023800135;;;;;;40
1;1;378;20/02/2019;0;23/02/2019;0;;14;;;SGO - REQUISICAO N.: 201902023800124;;;;;;40
1;1;380;04/01/2022;0;09/01/2022;0;;14;;;SGO - REQUISICAO N.: 202201023800034;;;;;;40
1;1;380;08/07/2019;0;13/07/2019;0;;14;;;SGO - REQUISICAO N.: 201907023800106;;;;;;40
1;1;380;10/02/2019;0;17/02/2019;0;;14;;;SGO - REQUISICAO N.: 201902023800103;;;;;;40
1;1;381;30/07/2020;0;06/08/2020;0;;14;;;;;;;;;40
1;1;389;01/08/2019;0;06/08/2019;0;;14;;;SGO - REQUISICAO N.: 201908023800006;;;;;;40
1;1;389;06/08/2019;0;08/08/2019;0;;3;;;EMAIL REGIANE 26/08/2019;;;;;;30
1;1;389;08/08/2019;0;10/08/2019;0;;14;;;SGO - REQUISICAO N.: 201908023800152;;;;;;40
1;1;389;13/08/2019;0;17/08/2019;0;;14;;;SGO - REQUISICAO N.: 201908023800093;;;;;;40
1;1;390;04/11/2019;0;07/11/2019;0;;14;;;SGO - REQUISICAO N.: 201911023800113;;;;;;40
1;1;390;07/11/2019;0;15/11/2019;0;;14;;;SGO - REQUISICAO N.: 201911023800167;;;;;;40
1;1;390;17/08/2021;0;20/08/2021;0;;14;;;SGO - REQUISICAO N.: 202108023800126;;;;;;40
1;1;390;27/08/2020;0;01/09/2020;0;;14;;;CADSTRO SOLICITADO CONF. E-MAIL ENVIADO EM 31/08/20 POR MAYRA;;;;;;40
1;1;390;30/10/2019;0;02/11/2019;0;;14;;;SGO - REQUISICAO N.: 201911023800115;;;;;;40
1;1;393;21/07/2021;0;24/07/2021;0;;14;;;SGO - REQUISICAO N.: 202107023800206;;;;;;40
1;1;393;25/07/2021;0;30/07/2021;0;;14;;;SGO - REQUISICAO N.: 202107023800207;;;;;;40
1;1;394;04/09/2023;0;11/09/2023;0;;14;;;SGO - REQUISICAO N.: 202309023800043;;;;;;40
1;1;394;16/05/2022;0;21/05/2022;0;;14;;;SGO - REQUISICAO N.: 202205023800133;;;;;;40
1;1;394;27/05/2022;0;31/05/2022;0;;14;;;SGO - REQUISICAO N.: 202205023800141;;;;;;40
1;1;395;17/12/2020;0;31/12/2020;0;;14;;;MAYRA CURY SEGUNDA-FEIRA, 28 DE DEZEMBRO DE 2020 13:37;;;;;;40
1;1;395;18/04/2020;0;27/04/2020;0;;14;;;;;;;;;40
1;1;395;20/09/2019;0;01/10/2019;0;;14;;;SGO - REQUISICAO N.: 201910023800049;;;;;;40
1;1;396;12/04/2021;0;17/04/2021;0;;14;;;SGO - REQUISICAO N.: 202104023800193;;;;;;40
1;1;396;14/08/2019;0;17/08/2019;0;;14;;;SGO - REQUISICAO N.: 201908023800094;;;;;;40
1;1;396;20/04/2021;0;24/04/2021;0;;14;;;SGO - REQUISICAO N.: 202104023800288;;;;;;40
1;1;396;27/06/2019;0;30/06/2019;0;;14;;;SGO - REQUISICAO N.: 201907023800019;;;;;;40
1;1;396;30/10/2019;0;02/11/2019;0;;14;;;SGO - REQUISICAO N.: 201911023800123;;;;;;40
1;1;403;19/06/2024;0;22/06/2024;0;;14;;;TICKET  397627|;;;;;;40
1;1;404;26/09/2024;0;05/10/2024;0;;14;;;SGO - REQUISICAO N.: 202410023800015|;;;;;;40
1;1;405;07/01/2019;0;13/01/2019;0;;14;;;SGO - REQUISICAO N.: 201901023800154;;;;;;40
1;1;407;03/07/2021;0;18/07/2021;0;;14;;;CHAMADO Nº 202107023800083;;;;;;40
1;1;407;28/01/2022;0;07/02/2022;0;;14;;;;;;;;;40
1;1;411;15/02/2024;0;20/02/2024;0;;14;;;SGO - REQUISICAO N.: 202402023800063;;;;;;40
1;1;411;15/06/2022;0;18/06/2022;0;;14;;;SGO - REQUISICAO N.: 202206023800134;;;;;;40
1;1;412;22/05/2019;0;02/06/2019;0;;14;;;SGO REQUISIÇÃO 201905023800145;;;;;;40
1;1;414;14/08/2019;0;29/08/2019;0;;14;;;SGO - REQUISICAO N.: 201908023800140;;;;;;40
1;1;414;18/11/2022;0;02/12/2022;0;;14;;;SGO - REQUISICAO N.: 202211023800152;;;;;;40
1;1;414;27/06/2022;0;30/06/2022;0;;14;;;SGO - REQUISICAO N.: 202206023800164;;;;;;40
1;1;414;30/06/2022;0;05/07/2022;0;;14;;;SGO - REQUISICAO N.: 202206023800165;;;;;;40
1;1;423;21/06/2022;0;28/06/2022;0;;14;;;SGO - REQUISICAO N.: 202206023800163;;;;;;40
1;1;423;22/03/2022;0;25/03/2022;0;;14;;;;;;;;;40
1;1;424;04/02/2020;0;10/03/2020;0;;3;;;;;;;;;30
1;1;424;29/12/2019;0;04/02/2020;0;;3;;;;;;;;;30
1;1;425;08/10/2019;0;10/10/2019;0;;14;;;SGO - REQUISICAO N.: 201910023800153;;;;;;40
1;1;425;25/03/2022;0;28/03/2022;0;;14;;;;;;;;;40
1;1;426;16/01/2024;0;19/01/2024;0;;14;;;SGO - REQUISICAO N.: 202401023800184;;;;;;40
1;1;429;01/07/2025;0;06/07/2025;0;;14;;;TICKET - 575078|;;;;;;40
1;1;429;09/06/2021;0;12/06/2021;0;;14;;;SGO - REQUISICAO N.: 202106023800101;;;;;;40
1;1;429;14/06/2021;0;13/07/2021;0;;3;;;SGO - REQUISICAO N.: 202106023800102, RETORNO ALTERADO CONFORME CHAMADO Nº 202107023800094;;;;;;30
1;1;429;26/02/2023;0;06/03/2023;0;;14;;;TICKET: 177281;;;;;;40
1;1;430;07/08/2023;0;10/08/2023;0;;14;;;SGO - REQUISICAO N.: 202308023800065;;;;;;40
1;1;430;28/08/2024;0;01/09/2024;0;;14;;;TICKET 430771|;;;;;;40
1;1;431;05/06/2023;0;15/06/2023;0;;14;;;SGO - REQUISICAO N.: 202306023800077;;;;;;40
1;1;431;08/07/2021;0;18/07/2021;0;;14;;;SGO - REQUISICAO N.: 202107023800096;;;;;;40
1;1;432;08/04/2019;0;12/04/2019;0;;14;;;REQUISIÇÃO SGO 201904023800132;;;;;;40
1;1;432;12/04/2019;0;26/04/2019;0;;3;;;REQUISIÇÃO 201940238000133;;;;;;30
1;1;432;19/11/2020;0;19/03/2021;0;;6;;;SGO - REQUISICAO N.: 202011023800169;;;;;;50
1;1;432;26/04/2019;0;23/05/2019;0;;3;;;EMAIL 07/05/2019 ENVIADO PELA REGIANE.;;;;;;30
1;1;434;18/09/2020;0;16/01/2021;0;;6;;;CHAMADO: 202009023800064;;;;;;50
1;1;440;07/05/2024;0;04/09/2024;0;;6;;;SGO - REQUISICAO N.: 202405023800069;;;;;;50
1;1;440;09/08/2021;0;23/08/2021;0;;14;;;SGO - REQUISICAO N.: 202108023800057 E CHAMADO N.202108023800121;;;;;;40
1;1;440;25/02/2025;0;28/02/2025;0;;14;;;|;;;;;;40
1;1;440;29/01/2024;0;05/02/2024;0;;14;;;|;;;;;;40
1;1;442;13/08/2021;0;16/08/2021;0;;14;;;SGO - REQUISICAO N.: 202108023800109;;;;;;40
1;1;443;05/05/2021;0;13/05/2021;0;;14;;;SGO - REQUISICAO N.: 202105023800090;;;;;;40
1;1;443;08/10/2021;0;13/10/2021;0;;14;;;SGO - REQUISICAO N.: 202110023800135;;;;;;40
1;1;443;21/10/2020;0;30/10/2020;0;;14;;;;;;;;;40
1;1;444;04/01/2021;0;11/01/2021;0;;14;;;SGO - REQUISICAO N.: 202101023800072;;;;;;40
1;1;444;09/03/2021;0;23/03/2021;0;;14;;;SGO - REQUISICAO N.: 202103023800070;;;;;;40
1;1;447;30/10/2019;0;02/11/2019;0;;14;;;SGO - REQUISICAO N.: 201911023800021;;;;;;40
1;1;449;03/12/2019;0;23/04/2020;0;;3;;;;;;;;;30
1;1;449;13/06/2019;0;20/06/2019;0;;14;;;SGO - REQUISICAO N.: 201906023800069;;;;;;40
1;1;449;14/11/2019;0;17/11/2019;0;;14;;;SGO - REQUISICAO N.: 201911023800166;;;;;;40
1;1;449;29/11/2019;0;03/12/2019;0;;14;;;SGO - REQUISICAO N.: 201912023800007;;;;;;40
1;1;451;01/06/2022;0;05/06/2022;0;;14;;;;;;;;;40
1;1;451;10/09/2024;0;14/09/2024;0;;14;;;SGO - REQUISICAO N.: 202409023800104;;;;;;40
1;1;451;16/08/2021;0;23/08/2021;0;;14;;;SGO - REQUISICAO N.: 202108023800127;;;;;;40
1;1;451;26/05/2022;0;01/06/2022;0;;14;;;SGO - REQUISICAO N.: 202206023800015;;;;;;40
1;1;454;09/12/2019;0;14/12/2019;0;;14;;;SGO - REQUISICAO N.: 201912023800040;;;;;;40
1;1;456;05/11/2020;0;19/11/2020;0;;14;;;SGO - REQUISICAO N.: 202011023800040;;;;;;40
1;1;457;09/03/2025;0;14/03/2025;0;;14;;;TICKET 521046|;;;;;;40
1;1;457;13/08/2023;0;16/08/2023;0;;14;;;SGO - REQUISICAO N.: 202308023800098;;;;;;40
1;1;457;16/01/2020;0;21/01/2020;0;;14;;;SGO - REQUISICAO N.: 202001023800104;;;;;;40
1;1;457;21/10/2022;0;04/11/2022;0;;14;;;SGO - REQUISICAO N.: 202210023800082;;;;;;40
1;1;457;22/04/2021;0;02/05/2021;0;;14;;;SGO - REQUISICAO N.: 202104023800282;;;;;;40
1;1;457;24/05/2025;0;27/05/2025;0;;14;;;TICEKT -  558036|;;;;;;40
1;1;457;30/01/2023;0;02/02/2023;0;;14;;;SGO - REQUISICAO N.: 202302023800001;;;;;;40
1;1;458;12/01/2022;0;17/01/2022;0;;14;;;SGO - REQUISICAO N.: 202201023800070;;;;;;40
1;1;458;13/09/2022;0;27/09/2022;0;;14;;;SGO - REQUISICAO N.: 202209023800061;;;;;;40
1;1;459;06/06/2019;0;13/06/2019;0;;14;;;SGO - REQUISICAO N.: 201906023800023;;;;;;40
1;1;460;15/03/2021;0;29/03/2021;0;;14;;;SGO - REQUISICAO N.: 202103023800146;;;;;;40
1;1;462;10/10/2019;0;19/10/2019;0;;14;;;SGO - REQUISICAO N.: 201910023800182;;;;;;40
1;1;462;14/07/2021;0;17/07/2021;0;;14;;;SGO - REQUISICAO N.: 202107023800223;;;;;;40
1;1;464;03/09/2019;0;07/09/2019;0;;14;;;SGO - REQUISICAO N.: 201909023800014;;;;;;40
1;1;464;06/07/2024;0;09/07/2024;0;;14;;;SGO - REQUISICAO N.: 202407023800051;;;;;;40
1;1;464;20/06/2022;0;25/06/2022;0;;14;;;SGO - REQUISICAO N.: 202206023800140;;;;;;40
1;1;466;01/07/2022;0;05/07/2022;0;;14;;;SGO - REQUISICAO N.: 202207023800100;;;;;;40
1;1;466;03/10/2022;0;31/01/2023;0;;6;;;SGO - REQUISICAO N.: 202210023800048;;;;;;50
1;1;466;06/09/2024;0;16/09/2024;0;;14;;;SGO - REQUISICAO N.: 202409023800121;;;;;;40
1;1;466;08/10/2019;0;15/10/2019;0;;14;;;SGO - REQUISICAO N.: 201910023800155;;;;;;40
1;1;466;24/11/2020;0;27/11/2020;0;;14;;;CONF CHAMADO 202011023800208 E EMAIL EM 25/11/2020 DA MAYRA;;;;;;40
1;1;469;10/10/2019;0;14/10/2019;0;;14;;;SGO - REQUISICAO N.: 201910023800220;;;;;;40
1;1;470;18/10/2022;0;01/11/2022;0;;14;;;SGO - REQUISICAO N.: 202210023800075;;;;;;40
1;1;471;30/04/2022;0;03/05/2022;0;;14;;;SGO - REQUISICAO N.: 202205023800077;;;;;;40
1;1;472;05/02/2020;0;08/02/2020;0;;14;;;SGO - REQUISICAO N.: 202002023800084;;;;;;40
1;1;474;25/02/2021;0;10/03/2021;0;;14;;;SGO - REQUISICAO N.: 202103023800010;;;;;;40
1;1;478;17/12/2020;0;24/12/2020;0;;14;;;CONFORME EMAIL MAYRA CURY TERÇA-FEIRA, 22 DE DEZEMBRO DE 2020 10:33;;;;;;40
1;1;478;29/04/2022;0;03/05/2022;0;;14;;;TICKET 53181;;;;;;40
1;1;481;01/05/2022;0;15/05/2022;0;;14;;;SGO - REQUISICAO N.: 202205023800036;;;;;;40
1;1;481;06/05/2025;0;10/05/2025;0;;14;;;SGO - REQUISICAO N.: 202505023800063;;;;;;40
1;1;481;06/12/2024;0;10/12/2024;0;;14;;;SGO - REQUISICAO N.: 202412023800037;;;;;;40
1;1;481;08/11/2021;0;11/11/2021;0;;14;;;SGO - REQUISICAO N.: 202111023800057;;;;;;40
1;1;486;16/08/2022;0;24/08/2022;0;;14;;;SGO - REQUISICAO N.: 202208023800167;;;;;;40
1;1;487;14/09/2022;0;17/09/2022;0;;14;;;SGO - REQUISICAO N.: 202209023800082;;;;;;40
1;1;487;15/05/2021;0;25/05/2021;0;;14;;;SGO - REQUISICAO N.: 202105023800128;;;;;;40
1;1;489;22/08/2024;0;05/09/2024;0;;14;;;TICKET 428882|;;;;;;40
1;1;490;19/11/2020;0;03/12/2020;0;;14;;;SGO - REQUISICAO N.: 202011023800157;;;;;;40
1;1;493;04/01/2024;0;19/01/2024;0;;14;;;SGO - REQUISICAO N.: 202401023800099;;;;;;40
1;1;493;06/06/2022;0;12/06/2022;0;;14;;;SGO - REQUISICAO N.: 202206023800043;;;;;;40
1;1;493;18/02/2024;0;26/02/2024;0;;14;;;|;;;;;;40
1;1;494;29/12/2021;0;31/12/2021;0;;14;;;;;;;;;40
1;1;494;31/12/2021;0;10/01/2022;0;;14;;;;;;;;;40
1;1;495;21/05/2025;0;24/05/2025;0;;14;;;TICKET_555259|;;;;;;40
1;1;495;21/12/2021;0;24/12/2021;0;;14;;;;;;;;;40
1;1;497;01/05/2024;0;04/05/2024;0;;14;;;TICKET 85450|;;;;;;40
1;1;497;12/01/2022;0;20/01/2022;0;;14;;;SGO - REQUISICAO N.: 202201023800074;;;;;;40
1;1;498;17/03/2021;0;20/03/2021;0;;14;;;SGO - REQUISICAO N.: 202103023800134;;;;;;40
1;1;498;23/04/2021;0;28/04/2021;0;;14;;;SGO - REQUISICAO N.: 202104023800296;;;;;;40
1;1;501;01/05/2022;0;04/05/2022;0;;14;;;SGO - REQUISICAO N.: 202205023800075;;;;;;40
1;1;501;10/03/2021;0;13/03/2021;0;;14;;;SGO - REQUISICAO N.: 202103023800064;;;;;;40
1;1;501;28/06/2021;0;05/07/2021;0;;14;;;SGO - REQUISICAO N.: 202106023800167;;;;;;40
1;1;502;01/02/2025;0;15/02/2025;0;;14;;;SGO - REQUISICAO N.: 202502023800014;;;;;;40
1;1;502;12/03/2021;0;07/04/2021;0;;3;;;SGO - REQUISICAO N.: 202103023800091 RETORNO ALTERADO CHAMADO 202104023800121;;;;;;30
1;1;502;13/03/2025;0;18/03/2025;0;;14;;;|;;;;;;40
1;1;502;13/04/2021;0;17/04/2021;0;;14;;;SGO - REQUISICAO N.: 202104023800211;;;;;;40
1;1;502;15/05/2025;0;19/05/2025;0;;14;;;SGO - REQUISICAO N.: 202505023800192;;;;;;40
1;1;502;15/06/2025;0;25/06/2025;0;;14;;;SGO - REQUISICAO N.: 202506023800232;;;;;;40
1;1;503;14/06/2021;0;21/06/2021;0;;14;;;SGO - REQUISICAO N.: 202106023800137;;;;;;40
1;1;503;25/12/2020;0;05/01/2021;0;;14;;;MAYRA CURY SEGUNDA-FEIRA, 28 DE DEZEMBRO DE 2020 10:53;;;;;;40
1;1;504;04/05/2021;0;07/05/2021;0;;14;;;SGO - REQUISICAO N.: 202105023800061;;;;;;40
1;1;504;05/03/2022;0;12/03/2022;0;;14;;;SGO - REQUISICAO N.: 202203023800056;;;;;;40
1;1;504;16/01/2021;0;22/01/2021;0;;14;;;SGO - REQUISICAO N.: 202101023800213;;;;;;40
1;1;504;21/07/2021;0;31/07/2021;0;;14;;;SGO - REQUISICAO N.: 202107023800201;;;;;;40
1;1;505;14/02/2022;0;21/02/2022;0;;14;;;SGO - REQUISICAO N.: 202202023800300;;;;;;40
1;1;507;06/06/2023;0;13/06/2023;0;;14;;;SGO - REQUISICAO N.: 202306023800076;;;;;;40
1;1;507;17/08/2021;0;20/08/2021;0;;14;;;SGO - REQUISICAO N.: 202108023800124;;;;;;40
1;1;509;08/06/2021;0;22/06/2021;0;;14;;;SGO - REQUISICAO N.: 202106023800051;;;;;;40
1;1;513;14/06/2021;0;17/06/2021;0;;14;;;SGO - REQUISICAO N.: 202106023800123;;;;;;40
1;1;513;28/12/2021;0;02/01/2022;0;;14;;;;;;;;;40
1;1;514;04/04/2019;0;08/04/2019;0;;14;;;SGO - REQUISICAO N.: 201904023800104;;;;;;40
1;1;515;22/05/2024;0;25/05/2024;0;;14;;;TICKET  386879|;;;;;;40
1;1;515;27/05/2021;0;06/06/2021;0;;14;;;;;;;;;40
1;1;517;06/03/2023;0;09/03/2023;0;;14;;;SGO - REQUISICAO N.: 202303023800046;;;;;;40
1;1;519;27/09/2023;0;30/09/2023;0;;14;;;;;;;;;40
1;1;520;03/09/2024;0;17/09/2024;0;;14;;;SGO - REQUISICAO N.: 202409023800037;;;;;;40
1;1;524;09/09/2021;0;13/09/2021;0;;14;;;SGO - REQUISICAO N.: 202109023800131;;;;;;40
1;1;527;09/06/2022;0;12/06/2022;0;;14;;;SGO - REQUISICAO N.: 202206023800132;;;;;;40
1;1;527;18/03/2024;0;21/03/2024;0;;14;;;SGO - REQUISICAO N.: 202403023800112;;;;;;40
1;1;527;18/06/2024;0;21/06/2024;0;;14;;;TICKET 396865|;;;;;;40
1;1;527;27/12/2021;0;31/12/2021;0;;14;;;;;;;;;40
1;1;533;03/04/2023;0;07/04/2023;0;;14;;;SGO - REQUISICAO N.: 202304023800054;;;;;;40
1;1;533;23/10/2023;0;27/10/2023;0;;14;;;TICKET : 284274;;;;;;40
1;1;533;27/10/2023;0;02/11/2023;0;;14;;;;;;;;;40
1;1;534;10/07/2023;0;24/07/2023;0;;14;;;;;;;;;40
1;1;534;12/04/2024;0;12/05/2024;0;;3;;;SGO - REQUISICAO N.: 202404023800070 / ALTERADO TICKET 364497|;;;;;;30
1;1;534;13/05/2024;0;12/06/2024;0;;3;;;|;;;;;;30
1;1;534;14/02/2024;0;21/02/2024;0;;14;;;SGO - REQUISICAO N.: 202402023800058;;;;;;40
1;1;534;16/08/2022;0;19/08/2022;0;;14;;;;;;;;;40
1;1;534;21/02/2024;0;27/02/2024;0;;14;;;|;;;;;;40
1;1;534;26/03/2024;0;29/03/2024;0;;14;;;TICKET - 357587|;;;;;;40
1;1;534;27/02/2024;0;08/03/2024;0;;14;;;|;;;;;;40
1;1;534;30/08/2023;0;02/09/2023;0;;14;;;;;;;;;40
1;1;534;31/03/2024;0;07/04/2024;0;;14;;;TICKET - 357587|;;;;;;40
1;1;540;21/10/2023;0;25/10/2023;0;;14;;;;;;;;;40
1;1;542;10/07/2023;0;15/07/2023;0;;14;;;SGO - REQUISICAO N.: 202307023800125;;;;;;40
1;1;542;30/08/2024;0;13/09/2024;0;;14;;;TICKET 433285|;;;;;;40
1;1;545;05/05/2025;0;10/05/2025;0;;14;;;SGO - REQUISICAO N.: 202505023800047;;;;;;40
1;1;550;03/04/2024;0;06/04/2024;0;;14;;;TICKET 359743|;;;;;;40
1;1;551;24/08/2025;0;29/08/2025;0;;14;;;TICKET_599732|;;;;;;40
2;1;5;08/01/2021;0;23/01/2021;0;;14;;;SGO - REQUISICAO N.: 202101023800091;;;;;;40
2;1;13;17/02/2025;0;23/02/2025;0;;14;;;|;;;;;;40
2;1;14;10/06/2024;0;17/06/2024;0;;14;;;SGO - REQUISICAO N.: 202406023800083;;;;;;40
2;1;14;30/07/2024;0;03/08/2024;0;;14;;;TÍCKET 419287|;;;;;;40
2;1;66;04/10/2021;0;12/10/2021;0;;14;;;;;;;;;40
2;1;94;02/07/2024;0;05/07/2024;0;;14;;;SGO - REQUISICAO N.: 202407023800050;;;;;;40
2;1;94;04/07/2023;0;08/07/2023;0;;14;;;SGO - REQUISICAO N.: 202307023800104;;;;;;40
2;1;94;07/06/2023;0;10/06/2023;0;;14;;;SGO - REQUISICAO N.: 202306023800052;;;;;;40
2;1;94;13/08/2024;0;16/08/2024;0;;14;;;SGO - REQUISICAO N.: 202408023800091;;;;;;40
2;1;94;16/07/2024;0;19/07/2024;0;;14;;;TICKET 409753|;;;;;;40
2;1;94;18/06/2024;0;21/06/2024;0;;14;;;TICKET 396939|;;;;;;40
2;1;94;24/06/2022;0;27/06/2022;0;;14;;;SGO - REQUISICAO N.: 202206023800147;;;;;;40
2;1;94;27/08/2024;0;01/09/2024;0;;14;;;TÍCKET 430272|;;;;;;40
2;1;94;30/07/2024;0;02/08/2024;0;;14;;;TICKET 416004|;;;;;;40
2;1;168;10/12/2019;0;13/12/2019;0;;14;;;SGO - REQUISICAO N.: 201912023800116;;;;;;40
2;1;169;04/10/2019;0;11/10/2019;0;;14;;;SGO - REQUISICAO N.: 201910023800063;;;;;;40
2;1;169;26/12/2019;0;09/02/2020;0;;3;;;;;;;;;30
2;1;170;11/03/2019;0;18/03/2019;0;;14;;;SGO - REQUISICAO N.: 201903023800131;;;;;;40
2;1;170;18/03/2019;0;25/03/2019;0;;14;;;SGO - REQUISICAO N.: 201903023800132;;;;;;40
2;1;170;22/11/2019;0;02/12/2019;0;;14;;;SGO - REQUISICAO N.: 201912023800006;;;;;;40
2;1;170;27/09/2017;0;15/01/2018;0;;3;;;SGO - REQUISICAO N.: 201710023800026;;;;;;30
2;1;173;01/05/2013;0;23/09/2013;0;;3;;;;;;;;;30
2;1;189;03/06/2014;0;30/09/2014;0;;6;;;;;;;;;50
2;1;200;23/09/2015;0;26/10/2015;0;;3;;;;;;;;;30
2;1;305;13/03/2014;0;06/07/2014;0;;3;;;;;;;;;30
2;1;329;06/08/2014;0;03/12/2014;0;;6;;;;;;;;;50
2;1;341;18/10/2019;0;27/10/2019;0;;14;;;SGO - REQUISICAO N.: 201911023800019;;;;;;40
2;1;341;27/10/2019;0;01/11/2019;0;;14;;;SGO - REQUISICAO N.: 201911023800020;;;;;;40
2;1;341;28/09/2021;0;03/10/2021;0;;14;;;SGO - REQUISICAO N.: 202109023800225;;;;;;40
2;1;341;28/10/2021;0;04/11/2021;0;;14;;;;;;;;;40
2;1;345;02/09/2013;0;30/01/2014;0;;3;;;;;;;;;30
2;1;368;28/02/2015;0;27/06/2015;0;;6;;;;;;;;;50
2;1;381;04/07/2014;0;10/11/2014;0;;3;;;;;;;;;30
2;1;406;16/10/2016;0;11/01/2017;0;;3;;;SGO - REQUISICAO N.: 201610023800126;;;;;;30
2;1;411;04/04/2016;0;30/06/2016;0;;4;;;;;;;;;10
2;1;414;03/07/2019;0;10/07/2019;0;;14;;;SGO - REQUISICAO N.: 201907023800118;;;;;;40
2;1;414;07/03/2025;0;12/03/2025;0;;14;;;SGO - REQUISICAO N.: 202503023800056;;;;;;40
2;1;414;09/04/2022;0;12/04/2022;0;;14;;;SGO - REQUISICAO N.: 202204023800055;;;;;;40
2;1;414;10/02/2023;0;18/02/2023;0;;14;;;SGO - REQUISICAO N.: 202302023800061;;;;;;40
2;1;414;22/06/2022;0;29/06/2022;0;;14;;;SGO - REQUISICAO N.: 202207023800117;;;;;;40
2;1;414;24/03/2024;0;29/03/2024;0;;14;;;TICKET 357788|;;;;;;40
2;1;419;02/12/2021;0;19/10/2022;0;;3;;;RETORNO CONFORME TICKET 181385 MAYRA CURY;;;;;;30
2;1;419;07/08/2021;0;02/12/2021;0;;3;;;;;;;;;30
2;1;419;19/10/2022;0;01/01/9999;0;;22;;;TICKET 181385;;;;;;0
2;1;419;22/07/2021;0;07/08/2021;0;;3;;;SGO - REQUISICAO N.: 202107023800216;;;;;;30
2;1;419;23/07/2009;0;22/07/2021;0;;3;;;;;;;;;30
2;1;421;09/05/2025;0;19/05/2025;0;;14;;;SGO - REQUISICAO N.: 202505023800069;;;;;;40
2;1;421;15/04/2019;0;29/04/2019;0;;14;;;REQUISIÇÃO:201904023800138;;;;;;40
2;1;421;17/06/2020;0;05/08/2020;0;;3;;;EMAIL MAYRA CURY TER 30/06/2020 20:33;;;;;;30
2;1;421;23/09/2025;0;30/09/2025;0;;14;;;|;;;;;;40
2;1;422;16/01/2020;0;23/01/2020;0;;14;;;SGO - REQUISICAO N.: 202001023800109;;;;;;40
2;1;422;26/07/2019;0;31/07/2019;0;;14;;;SGO - REQUISICAO N.: 201907023800191;;;;;;40
2;1;424;12/01/2022;0;19/01/2022;0;;14;;;SGO - REQUISICAO N.: 202201023800071;;;;;;40
2;1;425;14/08/2017;0;12/12/2017;0;;6;;;SGO - REQUISICAO N.: 201708023800096;;;;;;50
2;1;431;07/06/2022;0;11/06/2022;0;;14;;;SGO - REQUISICAO N.: 202206023800127;;;;;;40
2;1;432;24/09/2020;0;30/09/2020;0;;14;;;;;;;;;40
2;1;434;06/06/2019;0;13/06/2019;0;;14;;;SGO - REQUISICAO N.: 201906023800023;;;;;;40
2;1;438;22/08/2019;0;29/08/2019;0;;14;;;SGO - REQUISICAO N.: 201908023800139;;;;;;40
2;1;438;23/04/2019;0;26/04/2019;0;;14;;;;;;;;;40
2;1;442;21/06/2022;0;24/06/2022;0;;14;;;SGO - REQUISICAO N.: 202206023800144;;;;;;40
2;1;442;22/01/2022;0;30/01/2022;0;;14;;;;;;;;;40
2;1;456;02/10/2025;0;16/10/2025;0;;14;;;SGO - REQUISICAO N.: 202510023800042;;;;;;40
2;1;456;14/07/2020;0;24/07/2020;0;;14;;;SGO - REQUISICAO N.: 202007023800099;;;;;;40
2;1;456;14/11/2018;0;14/03/2019;0;;6;;;SGO - REQUISICAO N.: 201811023800178;;;;;;50
2;1;457;06/01/2021;0;09/01/2021;0;;14;;;SGO - REQUISICAO N.: 202101023800173;;;;;;40
2;1;457;09/01/2021;0;18/01/2021;0;;14;;;;;;;;;40
2;1;457;15/06/2020;0;25/06/2020;0;;14;;;;;;;;;40
2;1;457;15/08/2025;0;19/08/2025;0;;14;;;TICKET_596291|;;;;;;40
2;1;457;16/07/2024;0;22/07/2024;0;;14;;;TICKET  414256|;;;;;;40
2;1;457;23/09/2024;0;27/09/2024;0;;14;;;TICKET  444144|;;;;;;40
2;1;462;02/06/2025;0;09/06/2025;0;;14;;;SGO - REQUISICAO N.: 202506023800105;;;;;;40
2;1;462;09/02/2021;0;17/02/2021;0;;14;;;SGO - REQUISICAO N.: 202102023800146;;;;;;40
2;1;462;09/10/2023;0;21/10/2023;0;;14;;;SGO - REQUISICAO N.: 202310023800115;;;;;;40
2;1;462;23/05/2024;0;26/05/2024;0;;14;;;TICKET 85450|;;;;;;40
2;1;462;23/11/2020;0;30/11/2020;0;;14;;;SGO - REQUISICAO N.: 202011023800199;;;;;;40
2;1;468;29/05/2023;0;03/06/2023;0;;14;;;;;;;;;40
2;1;469;26/05/2022;0;04/06/2022;0;;14;;;SGO - REQUISICAO N.: 202205023800132;;;;;;40
2;1;471;19/03/2022;0;26/03/2022;0;;14;;;;;;;;;40
2;1;471;23/01/2022;0;30/01/2022;0;;14;;;;;;;;;40
2;1;471;24/05/2020;0;02/06/2020;0;;14;;;;;;;;;40
2;1;511;04/11/2019;0;13/11/2019;0;;14;;;SGO - REQUISICAO N.: 201911023800100;;;;;;40
2;1;511;13/11/2019;0;16/11/2019;0;;14;;;SGO - REQUISICAO N.: 201911023800118;;;;;;40
2;1;513;03/10/2022;0;08/10/2022;0;;14;;;SGO - REQUISICAO N.: 202210023800032;;;;;;40
2;1;513;16/09/2020;0;21/09/2020;0;;14;;;SGO - REQUISICAO N.: 202009023800068;;;;;;40
2;1;518;22/05/2024;0;25/05/2024;0;;14;;;TICKET 85450|;;;;;;40
2;1;524;06/08/2022;0;09/08/2022;0;;14;;;SGO - REQUISICAO N.: 202208023800147;;;;;;40
2;1;524;12/07/2017;0;12/09/2017;0;;3;;;SGO - REQUISICAO N.: 201707023800100;;;;;;30
2;1;524;12/12/2024;0;25/04/2025;0;;3;;;SOLICITAÇÃO VIA EMAIL E TCIKET 489106 490935 525882|;;;;;;30
2;1;524;19/06/2020;0;27/06/2020;0;;NULL;;;;;;;;;0
2;1;524;29/09/2023;0;05/10/2023;0;;14;;;REQUISIÇÃO N° 202310023800016;;;;;;40
2;1;578;21/06/2017;0;23/10/2017;0;;3;;;SGO - REQUISICAO N.: 201707023800041;;;;;;30
2;1;589;04/04/2019;0;08/04/2019;0;;14;;;SGO - REQUISICAO N.: 201904023800104;;;;;;40
2;1;607;08/05/2021;0;22/05/2021;0;;14;;;SGO - REQUISICAO N.: 202105023800060;;;;;;40
2;1;608;07/06/2019;0;15/06/2019;0;;14;;;SGO - REQUISICAO N.: 201906023800051;;;;;;40
2;1;608;28/07/2020;0;10/08/2020;0;;14;;;;;;;;;40
2;1;609;13/04/2019;0;19/04/2019;0;;14;;;;;;;;;40
2;1;610;28/07/2020;0;10/08/2020;0;;14;;;;;;;;;40
2;1;617;26/08/2019;0;29/08/2019;0;;14;;;SGO - REQUISICAO N.: 201909023800015;;;;;;40
2;1;620;05/06/2025;0;09/06/2025;0;;14;;;SGO - REQUISICAO N.: 202506023800102;;;;;;40
2;1;620;27/02/2023;0;09/03/2023;0;;14;;;TICKET 175234;;;;;;40
2;1;622;22/04/2021;0;25/04/2021;0;;14;;;SGO - REQUISICAO N.: 202104023800276;;;;;;40
2;1;638;14/01/2019;0;21/01/2019;0;;14;;;SGO - REQUISICAO N.: 201901023800153;;;;;;40
2;1;659;29/05/2023;0;01/06/2023;0;;14;;;SGO - REQUISICAO N.: 202306023800008;;;;;;40
2;1;661;11/07/2022;0;15/07/2022;0;;14;;;SGO - REQUISICAO N.: 202207023800128;;;;;;40
2;1;661;27/04/2022;0;04/05/2022;0;;23;;;TICKET 52626;;;;;;0
2;1;662;06/09/2021;0;09/09/2021;0;;14;;;SGO - REQUISICAO N.: 202109023800142;;;;;;40
2;1;662;11/01/2022;0;18/01/2022;0;;14;;;SGO - REQUISICAO N.: 202201023800094;;;;;;40
2;1;665;03/01/2022;0;08/01/2022;0;;14;;;SGO - REQUISICAO N.: 202201023800026;;;;;;40
2;1;665;14/03/2023;0;23/03/2023;0;;14;;;;;;;;;40
2;1;669;14/05/2024;0;20/05/2024;0;;14;;;TICKET 391992|;;;;;;40
2;1;669;22/01/2024;0;27/01/2024;0;;14;;;|;;;;;;40
2;1;669;26/06/2025;0;10/07/2025;0;;14;;;|;;;;;;40
2;1;670;12/07/2019;0;26/07/2019;0;;14;;;SGO - REQUISICAO N.: 201907023800124;;;;;;40
2;1;677;12/06/2022;0;15/06/2022;0;;14;;;SGO - REQUISICAO N.: 202206023800146;;;;;;40
2;1;677;22/07/2021;0;05/08/2021;0;;14;;;SGO - REQUISICAO N.: 202107023800200;;;;;;40
2;1;678;10/06/2020;0;22/06/2020;0;;14;;;CHAMADO: 202006023800040;;;;;;40
2;1;679;10/11/2021;0;17/11/2021;0;;14;;;SGO - REQUISICAO N.: 202111023800079;;;;;;40
2;1;679;29/08/2022;0;05/09/2022;0;;14;;;SGO - REQUISICAO N.: 202208023800209;;;;;;40
2;1;680;26/12/2020;0;09/01/2021;0;;14;;;MAYRA CURY TER 29/12/2020 18:52;;;;;;40
2;1;682;13/09/2021;0;16/09/2021;0;;14;;;SGO - REQUISICAO N.: 202109023800186;;;;;;40
2;1;683;15/06/2022;0;22/06/2022;0;;14;;;SGO - REQUISICAO N.: 202206023800143;;;;;;40
2;1;683;24/07/2019;0;27/07/2019;0;;14;;;SGO - REQUISICAO N.: 201908023800002;;;;;;40
2;1;693;06/07/2021;0;03/11/2021;0;;6;;;SGO - REQUISICAO N.: 202107023800093;;;;;;50
2;1;693;22/06/2021;0;06/07/2021;0;;14;;;SGO - REQUISICAO N.: 202106023800121;;;;;;40
2;1;695;02/11/2023;0;01/03/2024;0;;6;;;;;;;;;50
2;1;695;05/02/2023;0;19/02/2023;0;;14;;;SGO - REQUISICAO N.: 202302023800047;;;;;;40
2;1;695;05/10/2020;0;19/10/2020;0;;14;;;SGO - REQUISICAO N.: 202010023800043;;;;;;40
2;1;695;07/07/2022;0;11/07/2022;0;;14;;;SGO - REQUISICAO N.: 202207023800115;;;;;;40
2;1;695;10/08/2023;0;17/08/2023;0;;14;;;SGO - REQUISICAO N.: 202302023800047;;;;;;40
2;1;695;12/09/2023;0;19/09/2023;0;;14;;;SGO - REQUISIÇÃO N.:202309023800094;;;;;;40
2;1;695;15/03/2021;0;20/03/2021;0;;14;;;SGO - REQUISICAO N.: 202103023800098;;;;;;40
2;1;695;23/08/2022;0;28/08/2022;0;;14;;;;;;;;;40
2;1;695;27/10/2023;0;02/11/2023;0;;14;;;SGO - REQUISICAO N.: 202311023800006;;;;;;40
2;1;696;17/03/2020;0;28/04/2020;0;;3;;;;;;;;;30
2;1;697;17/09/2020;0;02/10/2020;0;;14;;;CHAMADO:202010023800019/CADASTRO REALIZADO EM 07/10/20;;;;;;40
2;1;699;21/11/2019;0;24/11/2019;0;;14;;;SGO - REQUISICAO N.: 201911023800194;;;;;;40
2;1;699;26/11/2019;0;29/11/2019;0;;14;;;SGO - REQUISICAO N.: 201912023800010;;;;;;40
2;1;701;23/08/2021;0;01/09/2021;0;;14;;;;;;;;;40
2;1;702;16/07/2025;0;25/07/2025;0;;14;;;TICKET_581922|;;;;;;40
2;1;704;26/05/2022;0;01/06/2022;0;;14;;;SGO - REQUISICAO N.: 202206023800025;;;;;;40
2;1;705;04/02/2021;0;11/02/2021;0;;14;;;SGO - REQUISICAO N.: 202102023800074;;;;;;40
2;1;710;24/02/2024;0;09/03/2024;0;;14;;;|;;;;;;40
2;1;711;11/03/2021;0;25/03/2021;0;;3;;;SGO - REQUISICAO N.: 202103023800068;;;;;;30
2;1;711;24/02/2021;0;10/03/2021;0;;3;;;SGO - REQUISICAO N.: 202102023800256;;;;;;30
2;1;721;04/01/2022;0;07/01/2022;0;;14;;;;;;;;;40
2;1;721;28/12/2021;0;04/01/2022;0;;14;;;;;;;;;40
2;1;723;13/11/2020;0;21/11/2020;0;;14;;;SGO - REQUISICAO N.: 202011023800184;;;;;;40
2;1;725;06/11/2024;0;17/11/2024;0;;14;;;SGO - REQUISICAO N.: 202411023800044;;;;;;40
2;1;726;02/10/2020;0;09/10/2020;0;;14;;;SGO - REQUISICAO N.: 202010023800057;;;;;;40
2;1;726;09/10/2020;0;12/10/2020;0;;14;;;SGO - REQUISICAO N.: 202010023800058;;;;;;40
2;1;726;13/06/2023;0;20/06/2023;0;;14;;;SGO - REQUISICAO N.: 202306023800055;;;;;;40
2;1;726;24/10/2022;0;31/10/2022;0;;14;;;SGO - REQUISICAO N.: 202210023800083;;;;;;40
2;1;726;26/06/2023;0;24/08/2023;0;;3;;;;;;;;;30
2;1;729;11/09/2021;0;16/09/2021;0;;14;;;SGO - REQUISICAO N.: 202109023800128;;;;;;40
2;1;729;29/03/2021;0;12/04/2021;0;;14;;;CHAMADO Nº 202103023800177;;;;;;40
2;1;732;18/07/2021;0;23/07/2021;0;;14;;;SGO - REQUISICAO N.: 202107023800204;;;;;;40
2;1;732;30/08/2021;0;13/09/2021;0;;14;;;;;;;;;40
2;1;733;01/10/2024;0;08/10/2024;0;;14;;;SGO - REQUISICAO N.: 202410023800016;;;;;;40
2;1;733;07/07/2022;0;14/07/2022;0;;14;;;SGO - REQUISICAO N.: 202207023800116;;;;;;40
2;1;733;25/02/2025;0;28/02/2025;0;;14;;;|;;;;;;40
2;1;733;29/01/2020;0;05/02/2020;0;;14;;;SGO - REQUISICAO N.: 202002023800001;;;;;;40
2;1;744;05/07/2022;0;09/07/2022;0;;14;;;SGO - REQUISICAO N.: 202207023800103;;;;;;40
2;1;746;20/02/2020;0;05/03/2020;0;;14;;;SGO - REQUISICAO N.: 202003023800002;;;;;;40
2;1;749;01/11/2021;0;04/11/2021;0;;14;;;SGO - REQUISICAO N.: 202111023800036;;;;;;40
2;1;749;09/06/2025;0;14/06/2025;0;;14;;;SGO - REQUISICAO N.: 202506023800167;;;;;;40
2;1;749;09/08/2024;0;14/08/2024;0;;14;;;SGO - REQUISICAO N.: 202408023800080;;;;;;40
2;1;751;07/05/2024;0;11/05/2024;0;;14;;;SGO - REQUISICAO N.: 202405023800104;;;;;;40
2;1;751;15/03/2024;0;20/03/2024;0;;14;;;SGO - REQUISICAO N.: 202403023800107;;;;;;40
2;1;751;23/12/2021;0;28/12/2021;0;;14;;;;;;;;;40
2;1;752;09/03/2021;0;16/03/2021;0;;14;;;SGO - REQUISICAO N.: 202103023800061;;;;;;40
2;1;752;12/07/2022;0;15/07/2022;0;;14;;;SGO - REQUISICAO N.: 202207023800193;;;;;;40
2;1;752;16/03/2021;0;19/03/2021;0;;14;;;CONFORME EMAIL ALINE CAMPOS SEGUNDA-FEIRA, 22 DE MARÇO DE 2021 20:21;;;;;;40
2;1;752;19/03/2021;0;20/03/2021;0;;14;;;CONFORME EMAIL ALINE CAMPOS SEGUNDA-FEIRA, 22 DE MARÇO DE 2021 20:21;;;;;;40
2;1;753;13/01/2022;0;20/01/2022;0;;14;;;SGO - REQUISICAO N.: 202201023800096;;;;;;40
2;1;754;24/02/2021;0;10/03/2021;0;;14;;;SGO - REQUISICAO N.: 202102023800252;;;;;;40
2;1;756;28/11/2024;0;02/12/2024;0;;14;;;SGO - REQUISICAO N.: 202412023800013|;;;;;;40
2;1;757;07/02/2022;0;22/02/2022;0;;14;;;SGO - REQUISICAO N.: 202202023800310;;;;;;40
2;1;759;29/06/2021;0;07/07/2021;0;;14;;;CHAMADO Nº 202106023800172;;;;;;40
2;1;761;22/01/2023;0;27/01/2023;0;;14;;;SGO - REQUISICAO N.: 202302023800014;;;;;;40
2;1;764;22/01/2025;0;01/02/2025;0;;14;;;|;;;;;;40
2;1;765;04/03/2025;0;16/03/2025;0;;14;;;SGO - REQUISICAO N.: 202503023800047;;;;;;40
2;1;765;17/08/2021;0;30/08/2021;0;;14;;;CHAMADO 202108023800130;;;;;;40
2;1;765;23/09/2025;0;26/09/2025;0;;14;;;TICKET_612325|;;;;;;40
2;1;767;15/03/2024;0;19/03/2024;0;;14;;;SGO - REQUISICAO N.: 202403023800111;;;;;;40
2;1;768;19/09/2021;0;27/09/2021;0;;14;;;SGO - REQUISICAO N.: 202109023800187;;;;;;40
2;1;770;11/04/2024;0;25/04/2024;0;;14;;;TICKET 368607|;;;;;;40
2;1;772;05/03/2024;0;18/03/2024;0;;14;;;|;;;;;;40
2;1;775;19/01/2025;0;22/01/2025;0;;14;;;SGO - REQUISICAO N.: 202501023800096;;;;;;40
2;1;777;07/05/2022;0;14/05/2022;0;;14;;;SGO - REQUISICAO N.: 202205023800078;;;;;;40
2;1;778;12/06/2019;0;10/10/2019;0;;6;;;SGO - REQUISICAO N.: 201906023800061;;;;;;50
2;1;779;11/01/2022;0;14/01/2022;0;;14;;;SGO - REQUISICAO N.: 202201023800084;;;;;;40
2;1;779;15/10/2022;0;20/10/2022;0;;14;;;SGO - REQUISICAO N.: 202210023800074;;;;;;40
2;1;780;06/10/2019;0;09/10/2019;0;;14;;;SGO - REQUISICAO N.: 201910023800113;;;;;;40
2;1;780;13/05/2021;0;28/05/2021;0;;14;;;SGO - REQUISICAO N.: 202105023800106;;;;;;40
2;1;780;22/04/2023;0;01/06/2023;0;;3;;;INCLUSO PELO TICKET 204020;;;;;;30
2;1;782;06/07/2023;0;20/07/2023;0;;14;;;SGO - REQUISICAO N.: 202307023800121;;;;;;40
2;1;782;27/06/2022;0;02/07/2022;0;;14;;;SGO - REQUISICAO N.: 202206023800155;;;;;;40
2;1;785;17/01/2022;0;20/01/2022;0;;14;;;SGO - REQUISICAO N.: 202201023800095;;;;;;40
2;1;788;07/06/2021;0;12/06/2021;0;;14;;;SGO - REQUISICAO N.: 202106023800052;;;;;;40
2;1;789;16/11/2020;0;23/11/2020;0;;14;;;SGO - REQUISICAO N.: 202011023800116;;;;;;40
2;1;793;10/06/2024;0;14/06/2024;0;;14;;;TICKET 392978|;;;;;;40
2;1;796;20/09/2021;0;18/01/2022;0;;6;;;SGO - REQUISICAO N.: 202109023800188;;;;;;50
2;1;803;04/12/2020;0;19/12/2020;0;;14;;;SGO - REQUISICAO N.: 202012023800074;;;;;;40
2;1;803;12/03/2025;0;17/03/2025;0;;14;;;SGO - REQUISICAO N.: 202503023800043;;;;;;40
2;1;803;12/07/2021;0;15/07/2021;0;;14;;;SGO - REQUISICAO N.: 202107023800208;;;;;;40
2;1;804;17/09/2025;0;15/01/2026;0;;6;;;TICKET_611202|;;;;;;50
2;1;804;18/11/2023;0;17/03/2024;0;;6;;;;;;;;;50
2;1;807;02/03/2023;0;30/06/2023;0;;6;;;SGO - REQUISICAO N.: 202303023800028;;;;;;50
2;1;807;03/07/2022;0;09/07/2022;0;;14;;;SGO - REQUISICAO N.: 202207023800099;;;;;;40
2;1;807;26/06/2022;0;03/07/2022;0;;14;;;SGO - REQUISICAO N.: 202207023800070;;;;;;40
2;1;814;05/01/2022;0;19/01/2022;0;;14;;;SGO - REQUISICAO N.: 202201023800031;;;;;;40
2;1;822;09/09/2021;0;16/09/2021;0;;14;;;SGO - REQUISICAO N.: 202109023800126;;;;;;40
2;1;823;12/02/2023;0;19/02/2023;0;;14;;;SGO - REQUISICAO N.: 202302023800062;;;;;;40
2;1;823;13/12/2021;0;18/12/2021;0;;14;;;SGO - REQUISICAO N.: 202112023800122;;;;;;40
2;1;834;06/08/2022;0;20/08/2022;0;;14;;;SGO - REQUISICAO N.: 202208023800172;;;;;;40
2;1;842;01/12/2021;0;04/12/2021;0;;14;;;;;;;;;40
2;1;843;12/08/2022;0;19/08/2022;0;;14;;;SGO - REQUISICAO N.: 202208023800176;;;;;;40
2;1;843;17/07/2022;0;25/07/2022;0;;14;;;SGO - REQUISICAO N.: 202207023800195;;;;;;40
2;1;844;22/06/2021;0;25/06/2021;0;;14;;;SGO - REQUISICAO N.: 202106023800122;;;;;;40
2;1;845;12/05/2022;0;15/05/2022;0;;14;;;SGO - REQUISICAO N.: 202205023800088;;;;;;40
2;1;846;13/07/2022;0;20/07/2022;0;;14;;;SGO - REQUISICAO N.: 202208023800111;;;;;;40
2;1;846;31/05/2022;0;07/06/2022;0;;14;;;SGO - REQUISICAO N.: 202206023800042;;;;;;40
2;1;853;12/01/2022;0;22/01/2022;0;;14;;;SGO - REQUISICAO N.: 202201023800093;;;;;;40
2;1;860;09/03/2023;0;12/03/2023;0;;14;;;TICKET 178269;;;;;;40
2;1;860;09/08/2021;0;12/08/2021;0;;14;;;SGO - REQUISICAO N.: 202108023800056;;;;;;40
2;1;860;27/07/2024;0;10/08/2024;0;;14;;;TICKET 416014|;;;;;;40
2;1;862;03/04/2024;0;06/04/2024;0;;14;;;TICKET 359743|;;;;;;40
2;1;869;04/01/2022;0;09/01/2022;0;;14;;;SGO - REQUISICAO N.: 202201023800027;;;;;;40
2;1;870;05/01/2022;0;13/01/2022;0;;14;;;SGO - REQUISICAO N.: 202201023800028;;;;;;40
2;1;870;29/07/2024;0;05/08/2024;0;;14;;;TICKET 415251|;;;;;;40
2;1;874;16/02/2024;0;24/02/2024;0;;14;;;|;;;;;;40
2;1;874;30/07/2023;0;06/08/2023;0;;14;;;TICKET 245486;;;;;;40
2;1;877;08/05/2025;0;12/05/2025;0;;14;;;SGO - REQUISICAO N.: 202505023800061;;;;;;40
2;1;879;08/11/2022;0;15/11/2022;0;;14;;;SGO - REQUISICAO N.: 202211023800153;;;;;;40
2;1;882;25/10/2023;0;30/10/2023;0;;14;;;;;;;;;40
2;1;886;06/12/2021;0;09/12/2021;0;;14;;;SGO - REQUISICAO N.: 202112023800056;;;;;;40
2;1;889;01/02/2022;0;05/02/2022;0;;14;;;SGO - REQUISICAO N.: 202202023800263;;;;;;40
2;1;889;02/03/2022;0;30/06/2022;0;;6;;;SGO - REQUISICAO N.: 202203023800034;;;;;;50
2;1;889;05/08/2021;0;15/08/2021;0;;14;;;CHAMADO: 202108023800061 SOLICITAÇÃO DA MAYRA DEVIDO NO AFASTAMENTO O ATESTADO NÃO TEM  CID CADASTRADO.;;;;;;40
2;1;889;14/02/2022;0;01/03/2022;0;;14;;;;;;;;;40
2;1;889;14/11/2021;0;19/11/2021;0;;14;;;SGO - REQUISICAO N.: 202111023800100;;;;;;40
2;1;892;15/07/2024;0;20/07/2024;0;;14;;;TICKET 409841|;;;;;;40
2;1;894;07/11/2022;0;12/11/2022;0;;14;;;SGO - REQUISICAO N.: 202211023800074;;;;;;40
2;1;895;16/10/2023;0;19/10/2023;0;;14;;;SGO - REQUISICAO N.: 202310023800180;;;;;;40
2;1;897;24/10/2025;0;01/11/2025;0;;14;;;|;;;;;;40
2;1;898;02/10/2022;0;08/10/2022;0;;14;;;;;;;;;40
2;1;898;05/10/2024;0;19/10/2024;0;;14;;;SGO - REQUISICAO N.: 202410023800040;;;;;;40
2;1;898;19/11/2022;0;25/11/2022;0;;14;;;SGO - REQUISICAO N.: 202211023800180;;;;;;40
2;1;899;06/10/2022;0;09/10/2022;0;;14;;;SGO - REQUISICAO N.: 202210023800042;;;;;;40
2;1;899;12/05/2024;0;17/05/2024;0;;14;;;SGO - REQUISICAO N.: 202405023800156;;;;;;40
2;1;899;31/05/2024;0;13/06/2024;0;;14;;;EMAIL MAYRA EM 07_06 / TICKET 392529|;;;;;;40
2;1;905;04/07/2022;0;08/07/2022;0;;14;;;SGO - REQUISICAO N.: 202207023800102;;;;;;40
2;1;905;09/01/2022;0;15/01/2022;0;;14;;;SGO - REQUISICAO N.: 202201023800046;;;;;;40
2;1;906;03/01/2022;0;10/01/2022;0;;14;;;SGO - REQUISICAO N.: 202201023800025;;;;;;40
2;1;909;31/05/2022;0;06/06/2022;0;;14;;;SGO - REQUISICAO N.: 202206023800070;;;;;;40
2;1;913;20/04/2022;0;04/05/2022;0;;14;;;SGO - REQUISICAO N.: 202205023800076;;;;;;40
2;1;921;13/05/2024;0;16/05/2024;0;;14;;;SGO - REQUISICAO N.: 202405023800111;;;;;;40
2;1;928;24/07/2024;0;27/07/2024;0;;14;;;TICKET 413761|;;;;;;40
2;1;932;19/02/2024;0;22/02/2024;0;;14;;;|;;;;;;40
2;1;933;11/01/2023;0;17/01/2023;0;;14;;;SGO - REQUISICAO N.: 202301023800067;;;;;;40
2;1;934;17/03/2024;0;20/03/2024;0;;14;;;|;;;;;;40
2;1;935;14/06/2022;0;17/06/2022;0;;14;;;SGO - REQUISICAO N.: 202206023800133;;;;;;40
2;1;936;26/01/2023;0;02/02/2023;0;;14;;;SGO - REQUISICAO N.: 202301023800114;;;;;;40
2;1;939;17/05/2023;0;20/05/2023;0;;14;;;;;;;;;40
2;1;945;14/10/2022;0;26/10/2022;0;;14;;;SGO - REQUISICAO N.: 202210023800073;;;;;;40
2;1;945;27/07/2023;0;06/08/2023;0;;14;;;TICKET 245486;;;;;;40
2;1;946;28/06/2023;0;12/07/2023;0;;14;;;;;;;;;40
2;1;950;02/10/2025;0;16/10/2025;0;;14;;;SGO - REQUISICAO N.: 202510023800014;;;;;;40
2;1;950;05/04/2025;0;12/04/2025;0;;14;;;SGO - REQUISICAO N.: 202504023800055|;;;;;;40
2;1;950;20/03/2025;0;03/04/2025;0;;14;;;TICKET 527473|;;;;;;40
2;1;953;13/03/2024;0;16/03/2024;0;;14;;;|;;;;;;40
2;1;956;23/03/2024;0;28/03/2024;0;;14;;;|;;;;;;40
2;1;957;23/06/2023;0;27/06/2023;0;;14;;;;;;;;;40
2;1;960;27/11/2023;0;04/12/2023;0;;14;;;;;;;;;40
2;1;969;11/07/2023;0;17/07/2023;0;;14;;;SGO - REQUISICAO N.: 202307023800112;;;;;;40
2;1;975;30/07/2023;0;03/08/2023;0;;14;;;;;;;;;40
2;1;977;28/02/2023;0;03/03/2023;0;;14;;;TICKET 175223;;;;;;40
2;1;979;12/01/2023;0;18/01/2023;0;;14;;;SGO - REQUISICAO N.: 202301023800074;;;;;;40
2;1;981;09/11/2023;0;23/11/2023;0;;14;;;;;;;;;40
2;1;981;11/04/2024;0;16/04/2024;0;;14;;;SGO - REQUISICAO N.: 202404023800062;;;;;;40
2;1;981;25/08/2023;0;08/09/2023;0;;14;;;;;;;;;40
2;1;983;23/02/2023;0;10/03/2023;0;;14;;;TICKET 174653;;;;;;40
2;1;998;15/09/2024;0;18/09/2024;0;;14;;;SGO - REQUISICAO N.: 202409023800120;;;;;;40
2;1;998;21/02/2024;0;24/02/2024;0;;14;;;INCLUSO ATRAVÉS DO TICKET - 339179|;;;;;;40
2;1;998;26/09/2024;0;29/09/2024;0;;14;;;TICKET 444666|;;;;;;40
2;1;998;29/05/2024;0;05/06/2024;0;;14;;;TICKET 289137|;;;;;;40
2;1;1000;28/03/2024;0;31/03/2024;0;;14;;;TICKET_357008|;;;;;;40
2;1;1005;15/02/2024;0;20/02/2024;0;;14;;;SGO - REQUISICAO N.: 202402023800066;;;;;;40
2;1;1006;24/01/2024;0;27/01/2024;0;;14;;;|;;;;;;40
2;1;1007;04/04/2024;0;13/04/2024;0;;14;;;SGO - REQUISICAO N.: 202404023800071;;;;;;40
2;1;1007;11/12/2024;0;14/12/2024;0;;14;;;SGO - REQUISICAO N.: 202412023800053;;;;;;40
2;1;1011;15/04/2024;0;25/04/2024;0;;14;;;SGO - REQUISICAO N.: 202404023800087;;;;;;40
2;1;1013;30/09/2024;0;14/10/2024;0;;14;;;SGO - REQUISICAO N.: 202410023800007;;;;;;40
2;1;1018;05/05/2025;0;08/05/2025;0;;14;;;SGO - REQUISICAO N.: 202505023800058;;;;;;40
2;1;1018;15/06/2025;0;21/06/2025;0;;14;;;REQ SGO.:202506023800231|;;;;;;40
2;1;1018;17/09/2024;0;21/09/2024;0;;14;;;SGO - REQUISICAO N.: 202409023800155;;;;;;40
2;1;1022;01/06/2025;0;05/06/2025;0;;14;;;SGO - REQUISICAO N.: 202506023800103;;;;;;40
2;1;1022;07/08/2023;0;12/08/2023;0;;14;;;SGO - REQUISICAO N.: 202308023800085;;;;;;40
2;1;1025;21/01/2024;0;28/01/2024;0;;14;;;|;;;;;;40
2;1;1026;21/08/2024;0;24/08/2024;0;;14;;;TICKET 428275|;;;;;;40
2;1;1034;23/04/2024;0;25/04/2024;0;;14;;;TICKET 372655|;;;;;;40
2;1;1034;26/04/2024;0;02/05/2024;0;;14;;;TICKET 372655|;;;;;;40
2;1;1036;12/01/2024;0;16/01/2024;0;;14;;;SGO - REQUISICAO N.: 202401023800179;;;;;;40
2;1;1039;07/03/2024;0;14/03/2024;0;;14;;;SGO - REQUISICAO N.: 202403023800059;;;;;;40
2;1;1044;17/04/2024;0;25/04/2024;0;;14;;;TICKET 368555|;;;;;;40
2;1;1044;25/04/2024;0;28/04/2024;0;;14;;;TICKET - 370009|;;;;;;40
2;1;1046;27/03/2024;0;06/04/2024;0;;14;;;TICKET - 356731|;;;;;;40
2;1;1047;02/05/2024;0;08/05/2024;0;;14;;;SGO - REQUISICAO N.: 202405023800107|;;;;;;40
2;1;1048;17/08/2024;0;21/08/2024;0;;14;;;TICKET 426936|;;;;;;40
2;1;1048;18/09/2023;0;21/09/2023;0;;14;;;SGO - REQUISICAO N.: 202309023800092;;;;;;40
2;1;1050;01/10/2023;0;07/10/2023;0;;14;;;SGO - REQUISICAO N.: 202310023800112;;;;;;40
2;1;1050;01/10/2025;0;27/11/2025;0;;3;;;SGO - REQUISICAO N.: 202510023800005|;;;;;;30
2;1;1050;03/12/2024;0;14/12/2024;0;;14;;;SGO - REQUISICAO N.: 202412023800014;;;;;;40
2;1;1050;07/10/2023;0;11/10/2023;0;;14;;;SGO - REQUISICAO N.: 202310023800125;;;;;;40
2;1;1050;11/09/2023;0;18/09/2023;0;;14;;;REQ SGO. :202309023800044;;;;;;40
2;1;1050;16/04/2024;0;20/04/2024;0;;14;;;TICKET 367710|;;;;;;40
2;1;1050;17/09/2025;0;22/09/2025;0;;14;;;|;;;;;;40
2;1;1050;22/09/2025;0;01/10/2025;0;;14;;;|;;;;;;40
2;1;1051;14/05/2024;0;19/05/2024;0;;14;;;SGO - REQUISICAO N.: 202405023800112;;;;;;40
2;1;1051;29/09/2024;0;02/10/2024;0;;14;;;TICKET 445656|;;;;;;40
2;1;1053;29/10/2024;0;02/11/2024;0;;14;;;TÍCKET  459556|;;;;;;40
2;1;1054;03/04/2024;0;15/04/2024;0;;14;;;SGO - REQUISICAO N.: 202404023800050;;;;;;40
2;1;1054;09/01/2025;0;17/01/2025;0;;14;;;|;;;;;;40
2;1;1054;12/11/2024;0;29/11/2024;0;;3;;;TICKET469538|;;;;;;30
2;1;1054;22/10/2024;0;03/11/2024;0;;14;;;TICKET 458230|;;;;;;40
2;1;1056;17/12/2023;0;20/12/2023;0;;14;;;SGO - REQUISICAO N.: 202312023800121;;;;;;40
2;1;1056;25/02/2025;0;01/03/2025;0;;14;;;TICKET 519098|;;;;;;40
2;1;1058;28/01/2025;0;03/02/2025;0;;14;;;|;;;;;;40
2;1;1059;14/01/2025;0;17/01/2025;0;;14;;;SGO - REQUISICAO N.: 202501023800091;;;;;;40
2;1;1059;28/04/2025;0;01/05/2025;0;;14;;;|;;;;;;40
2;1;1060;16/08/2024;0;30/08/2024;0;;14;;;TICKET 427014|;;;;;;40
2;1;1068;05/01/2025;0;12/01/2025;0;;14;;;SGO - REQUISICAO N.: 202501023800042;;;;;;40
2;1;1072;04/01/2025;0;30/01/2025;0;;3;;;TICKET 489144 E TICKET  502887|;;;;;;30
2;1;1074;02/11/2024;0;09/11/2024;0;;14;;;SGO - REQUISICAO N.: 202411023800045|;;;;;;40
2;1;1079;11/04/2024;0;25/04/2024;0;;14;;;TICKET 365210|;;;;;;40
2;1;1080;17/06/2024;0;02/07/2024;0;;14;;;TICKET 398282|;;;;;;40
2;1;1081;27/11/2023;0;02/12/2023;0;;14;;;;;;;;;40
2;1;1083;16/07/2025;0;19/07/2025;0;;14;;;TICKET_582522|;;;;;;40
2;1;1085;01/04/2024;0;19/04/2024;0;;3;;;SGO - REQUISICAO N.: 202404023800017  / TICKET 366415 E 367947|;;;;;;30
2;1;1085;06/02/2024;0;14/02/2024;0;;14;;;SGO - REQUISICAO N.: 202402023800048;;;;;;40
2;1;1088;07/10/2025;0;10/10/2025;0;;14;;;SGO - REQUISICAO N.: 202510023800138;;;;;;40
2;1;1089;14/06/2024;0;17/06/2024;0;;14;;;TICKET 397613|;;;;;;40
2;1;1090;31/05/2024;0;05/06/2024;0;;14;;;TICKET 389536|;;;;;;40
2;1;1092;04/08/2024;0;08/08/2024;0;;14;;;TICKET 427774|;;;;;;40
2;1;1092;29/04/2024;0;04/05/2024;0;;14;;;TICKET 372242|;;;;;;40
2;1;1095;10/06/2025;0;17/06/2025;0;;14;;;SGO - REQUISICAO N.: 202506023800104;;;;;;40
2;1;1098;19/02/2024;0;29/02/2024;0;;14;;;|;;;;;;40
2;1;1100;14/07/2025;0;25/07/2025;0;;14;;;|;;;;;;40
2;1;1104;16/04/2024;0;21/04/2024;0;;14;;;SGO - REQUISICAO N.: 202404023800089;;;;;;40
2;1;1106;01/04/2024;0;06/04/2024;0;;14;;;SGO - REQUISICAO N.: 202404023800023;;;;;;40
2;1;1107;11/04/2024;0;15/04/2024;0;;14;;;TICKET 364622|;;;;;;40
2;1;1115;25/11/2024;0;09/12/2024;0;;14;;;|;;;;;;40
2;1;1116;07/07/2024;0;27/11/2024;0;;6;;;TICKET 410748 E TÍCKET 418787|;;;;;;50
2;1;1118;27/03/2024;0;01/04/2024;0;;14;;;TICKET-356570|;;;;;;40
2;1;1120;10/01/2025;0;18/01/2025;0;;14;;;SGO - REQUISICAO N.: 202501023800064;;;;;;40
2;1;1123;12/03/2025;0;19/03/2025;0;;14;;;SGO - REQUISICAO N.: 202503023800046;;;;;;40
2;1;1132;14/01/2025;0;28/01/2025;0;;14;;;SGO - REQUISICAO N.: 202501023800079;;;;;;40
2;1;1132;15/04/2024;0;20/04/2024;0;;14;;;SGO - REQUISICAO N.: 202404023800086;;;;;;40
2;1;1132;22/10/2025;0;25/10/2025;0;;14;;;TICKET_625281|;;;;;;40
2;1;1132;27/02/2024;0;29/02/2024;0;;14;;;|;;;;;;40
2;1;1132;29/02/2024;0;02/03/2024;0;;14;;;|;;;;;;40
2;1;1133;17/04/2024;0;20/04/2024;0;;14;;;SGO - REQUISICAO N.: 202404023800092;;;;;;40
2;1;1134;19/05/2024;0;22/05/2024;0;;14;;;TICKET: 383199|;;;;;;40
2;1;1134;22/05/2024;0;23/05/2024;0;;14;;;REQUISIÇÃO SGO N° 202406023800036|;;;;;;40
2;1;1134;23/05/2024;0;27/05/2024;0;;14;;;TICKET 85450|;;;;;;40
2;1;1138;03/04/2024;0;06/04/2024;0;;14;;;SGO - REQUISICAO N.: 202404023800052|;;;;;;40
2;1;1139;14/08/2024;0;21/08/2024;0;;14;;;SGO - REQUISICAO N.: 202408023800102;;;;;;40
2;1;1142;13/03/2024;0;18/03/2024;0;;14;;;SGO - REQUISICAO N.: 202403023800095;;;;;;40
2;1;1143;16/06/2025;0;19/06/2025;0;;14;;;SGO - REQUISICAO N.: 202506023800230;;;;;;40
2;1;1149;19/08/2024;0;22/08/2024;0;;14;;;TICKET 427178|;;;;;;40
2;1;1157;09/07/2025;0;12/07/2025;0;;14;;;SGO - REQUISICAO N.: 202507023800140;;;;;;40
2;1;1163;04/06/2024;0;07/06/2024;0;;14;;;SGO - REQUISICAO N.: 202406023800027;;;;;;40
2;1;1166;04/07/2024;0;19/07/2024;0;;14;;;TÍCKET 404664|;;;;;;40
2;1;1168;01/10/2025;0;04/10/2025;0;;14;;;SGO - REQUISICAO N.: 202510023800010;;;;;;40
2;1;1169;29/09/2025;0;02/10/2025;0;;14;;;TICKET_614975|;;;;;;40
2;1;1172;04/12/2024;0;07/12/2024;0;;14;;;SGO - REQUISICAO N.: 202412023800036;;;;;;40
2;1;1172;15/08/2025;0;26/08/2025;0;;14;;;SGO - REQUISICAO N.: 202508023800114;;;;;;40
2;1;1175;10/02/2025;0;15/02/2025;0;;14;;;SGO - REQUISICAO N.: 202502023800044 E TICKET513953|;;;;;;40
2;1;1201;26/06/2024;0;30/06/2024;0;;14;;;TÍCKET  402090|;;;;;;40
2;1;1207;26/05/2025;0;30/05/2025;0;;14;;;SGO - REQUISIÇÃO N.: 202506023800030|;;;;;;40
2;1;1209;03/07/2025;0;17/07/2025;0;;14;;;SGO - REQUISICAO N.: 202507023800052;;;;;;40
2;1;1215;29/05/2025;0;01/06/2025;0;;14;;;|;;;;;;40
2;1;1239;27/07/2025;0;31/07/2025;0;;14;;;TICKET_586758|;;;;;;40
2;1;1254;15/09/2025;0;30/09/2025;0;;14;;;SGO - REQUISICAO N.: 202509023800136;;;;;;40
3;1;68;03/12/2019;0;01/04/2020;0;;6;;;201912023800122;;;;;;50
3;1;68;22/09/2018;0;20/01/2019;0;;6;;;CHAMADO 201809023800096;;;;;;50
3;1;91;19/02/2015;0;16/08/2015;0;;3;;;;;;;;;30
3;1;92;18/12/2014;0;04/05/2015;0;;3;;;;;;;;;30
3;1;94;19/11/2014;0;13/08/2015;0;;3;;;;;;;;;30
3;1;120;13/03/2020;0;27/03/2020;0;;14;;;;;;;;;40
3;1;131;20/09/2019;0;04/10/2019;0;;14;;;SGO - REQUISICAO N.: 201910023800048;;;;;;40
3;1;133;17/02/2016;0;16/06/2016;0;;6;;;;;;;;;50
3;1;136;24/05/2016;0;21/09/2016;0;;6;;;;;;;;;50
3;1;154;06/10/2019;0;09/10/2019;0;;14;;;SGO - REQUISICAO N.: 201910023800113;;;;;;40
3;1;166;26/08/2019;0;29/08/2019;0;;14;;;EMAIL REGIANE 26/08/2019;;;;;;40
3;1;318;04/12/2020;0;19/12/2020;0;;14;;;SGO - REQUISICAO N.: 202012023800074;;;;;;40
3;1;553;28/05/2019;0;31/05/2019;0;;14;;;EMAIL REGIANE 30/05/2019 AS 10:46;;;;;;40
3;1;558;16/07/2019;0;19/07/2019;0;;14;;;SGO - REQUISICAO N.: 201907023800183;;;;;;40
3;1;558;18/09/2019;0;22/09/2019;0;;14;;;SGO - REQUISICAO N.: 201909023800109;;;;;;40
3;1;568;21/03/2019;0;25/03/2019;0;;14;;;SGO - REQUISICAO N.: 201903023800133;;;;;;40
3;1;568;26/03/2019;0;29/03/2019;0;;14;;;CHAMADO 201904023800013;;;;;;40
3;1;568;28/07/2019;0;01/08/2019;0;;14;;;SGO - REQUISICAO N.: 201907023800190;;;;;;40
3;1;587;16/09/2019;0;19/09/2019;0;;14;;;SGO - REQUISICAO N.: 201909023800107;;;;;;40
3;1;587;19/09/2019;0;21/09/2019;0;;14;;;REQUISIÇÃO 201909023800108;;;;;;40
3;1;593;04/09/2017;0;01/11/2017;0;;3;;;SGO - REQUISICAO N.: 201709023800090;;;;;;30
3;1;600;13/10/2020;0;26/11/2020;0;;3;;;SGO - REQUISICAO N.: 202010023800056;;;;;;30
3;1;601;18/03/2020;0;21/03/2020;0;;14;;;SGO - REQUISICAO N.: 202003023800110;;;;;;40
3;1;601;27/05/2019;0;10/06/2019;0;;14;;;EMAIL REGIANE 31/05/2019 AS 11:38;;;;;;40
3;1;633;21/11/2019;0;26/11/2019;0;;14;;;SGO - REQUISICAO N.: 201911023800193;;;;;;40
3;1;641;06/06/2019;0;04/10/2019;0;;6;;;CONFORME CONTATO TELEFONE REGIANE 11/06/2019;;;;;;50
3;1;641;23/01/2019;0;06/06/2019;0;;3;;;SGO - REQUISICAO N.: 201901023800151/ALTERAÇÃO CHAMADO 201902023800102/ALTERAÇÃO CONFORME CONTATO TELEFONE EM 11/06/2019;;;;;;30
3;1;644;03/08/2022;0;13/08/2022;0;;14;;;SGO - REQUISICAO N.: 202208023800145;;;;;;40
3;1;644;12/01/2021;0;15/01/2021;0;;14;;;SGO - REQUISICAO N.: 202101023800148;;;;;;40
3;1;657;18/04/2019;0;23/04/2019;0;;14;;;;;;;;;40
3;1;674;12/06/2019;0;10/10/2019;0;;6;;;SGO - REQUISICAO N.: 201906023800061;;;;;;50
3;1;675;20/03/2020;0;26/03/2020;0;;14;;;;;;;;;40
3;1;687;19/03/2021;0;29/03/2021;0;;14;;;SGO - REQUISICAO N.: 202103023800156;;;;;;40
3;1;696;09/12/2020;0;16/12/2020;0;;14;;;SGO - REQUISICAO N.: 202012023800148;;;;;;40
3;1;701;16/11/2020;0;23/11/2020;0;;14;;;SGO - REQUISICAO N.: 202011023800116;;;;;;40
3;1;707;20/06/2024;0;23/06/2024;0;;14;;;TICKET 398989|;;;;;;40
3;1;711;26/12/2021;0;02/01/2022;0;;14;;;;;;;;;40
3;1;716;01/10/2020;0;07/10/2020;0;;14;;;SGO - REQUISICAO N.: 202010023800059;;;;;;40
3;1;735;24/11/2021;0;27/11/2021;0;;14;;;;;;;;;40
3;1;736;04/05/2021;0;08/05/2021;0;;14;;;SGO - REQUISICAO N.: 202105023800113;;;;;;40
3;1;739;10/01/2022;0;15/01/2022;0;;14;;;SGO - REQUISICAO N.: 202201023800047;;;;;;40
3;1;747;30/12/2021;0;06/01/2022;0;;14;;;;;;;;;40
3;1;753;19/12/2023;0;22/12/2023;0;;14;;;|;;;;;;40
3;1;756;05/09/2025;0;13/09/2025;0;;14;;;SGO - REQUISICAO N.: 202509023800107;;;;;;40
3;1;758;08/04/2024;0;12/04/2024;0;;14;;;SGO - REQUISICAO N.: 202404023800051;;;;;;40
3;1;759;22/06/2022;0;29/06/2022;0;;14;;;SGO - REQUISICAO N.: 202206023800145;;;;;;40
3;1;761;07/02/2022;0;17/02/2022;0;;14;;;SGO - REQUISICAO N.: 202202023800311;;;;;;40
3;1;761;12/01/2022;0;15/01/2022;0;;14;;;SGO - REQUISICAO N.: 202201023800072;;;;;;40
3;1;761;13/12/2021;0;18/12/2021;0;;14;;;SGO - REQUISICAO N.: 202112023800131;;;;;;40
3;1;763;04/07/2022;0;09/07/2022;0;;14;;;SGO - REQUISICAO N.: 202207023800114;;;;;;40
3;1;767;17/06/2024;0;22/06/2024;0;;14;;;TICKET 396841|;;;;;;40
3;1;768;05/11/2022;0;10/11/2022;0;;14;;;SGO - REQUISICAO N.: 202211023800073;;;;;;40
3;1;768;20/03/2024;0;24/03/2024;0;;14;;;TICKET 353200|;;;;;;40
3;1;774;21/03/2024;0;24/03/2024;0;;14;;;|;;;;;;40
3;1;774;31/05/2022;0;05/06/2022;0;;14;;;SGO - REQUISICAO N.: 202206023800024;;;;;;40
3;1;786;11/03/2024;0;18/03/2024;0;;14;;;SGO - REQUISICAO N.: 202403023800100|;;;;;;40
3;1;799;03/06/2024;0;10/06/2024;0;;14;;;SGO - REQUISICAO N.: 202406023800025 E TÍCKET  398963|;;;;;;40
3;1;799;10/06/2024;0;08/10/2024;0;;6;;;TICKET  398963|;;;;;;50
3;1;802;06/11/2024;0;20/11/2024;0;;14;;;TICKET 467470|;;;;;;40
3;1;806;06/07/2023;0;20/07/2023;0;;14;;;SGO - REQUISICAO N.: 202307023800121;;;;;;40
3;1;806;27/06/2022;0;02/07/2022;0;;14;;;SGO - REQUISICAO N.: 202206023800155;;;;;;40
3;1;807;24/05/2025;0;07/06/2025;0;;14;;;TICEKT_564811|;;;;;;40
3;1;813;24/09/2024;0;08/10/2024;0;;14;;;TICKET  450027|;;;;;;40
3;1;815;08/05/2024;0;11/05/2024;0;;14;;;SGO - REQUISICAO N.: 202405023800110;;;;;;40
3;1;819;25/05/2025;0;01/06/2025;0;;14;;;TICKET 562150|;;;;;;40
3;1;820;01/05/2025;0;10/05/2025;0;;14;;;SGO - REQUISICAO N.: 202505023800059;;;;;;40
